{
  "g=base(0.09rad max) depth=1": {
    "noisy": 0.15394888236984108,
    "exact": 0.01607741471331571
  },
  "g=base(0.09rad max) depth=3": {
    "noisy": 0.15681414418087444,
    "exact": 0.002991557336108784
  },
  "g=base(0.09rad max) depth=6": {
    "noisy": 0.1659391415915298,
    "exact": 0.0033677237351736806
  },
  "g=2.5x depth=1": {
    "noisy": 0.1298708618290132,
    "exact": 0.022954405486489728
  },
  "g=2.5x depth=3": {
    "noisy": 0.1490697062990577,
    "exact": 0.005577195887133149
  },
  "g=2.5x depth=6": {
    "noisy": 0.14404795218965938,
    "exact": 0.006412956544493858
  },
  "g=full(pi/2 max) depth=1": {
    "noisy": 0.13986688714477583,
    "exact": 0.11431230358212384
  },
  "g=full(pi/2 max) depth=3": {
    "noisy": 0.13798362754025525,
    "exact": 0.052774881093987355
  },
  "g=full(pi/2 max) depth=6": {
    "noisy": 0.13314061614378986,
    "exact": 0.04284142524082677
  }
}