{
  "budgets": [
    4000,
    40000,
    400000,
    4000000
  ],
  "raw": [
    0.8317067021346892,
    0.5814928957420354,
    0.3025096726387838,
    0.1394925158924504
  ],
  "mitigated": [
    0.1507,
    0.1417,
    0.1282,
    0.0784
  ],
  "plateau_seeds_40k": [
    0.14174852736407675,
    0.1522957402341502,
    0.15006345729280374
  ],
  "refs": {
    "linear_inputs": 0.1483,
    "esn_tuned": 0.0138,
    "exact_floor": 0.003
  }
}