{"s0": 0.5177667155223685, "k": 0.9719406643819927, "r2_fit": 0.6142962672329277, "r2_holdout": 0.7955072613573725}