{
 "arch": 1,
 "quantities": {
  "0.0": {
   "parity2": {
    "sep_v": [
     0.13563122725103746,
     0.09273301426391714
    ],
    "sig_v": [
     0.8462810619971186,
     0.9144989325271305
    ],
    "whole_sep": 0.16430228768977753,
    "nodes": 2
   },
   "parity3": {
    "sep_v": [
     0.06811255366113149,
     0.04528600474349286
    ],
    "sig_v": [
     0.8462810619971186,
     0.9144989325271305
    ],
    "whole_sep": 0.08179328940608867,
    "nodes": 2
   },
   "parity4": {
    "sep_v": [
     0.10736208603720776,
     0.06108183019727369
    ],
    "sig_v": [
     0.8462810619971186,
     0.9144989325271305
    ],
    "whole_sep": 0.12352168837297105,
    "nodes": 2
   },
   "delay_xor": {
    "sep_v": [
     0.15764851901501192,
     0.1257446240668754
    ],
    "sig_v": [
     0.8462810619971186,
     0.9144989325271305
    ],
    "whole_sep": 0.2016550669567874,
    "nodes": 2
   },
   "majority3": {
    "sep_v": [
     0.8212504863514397,
     0.22469583032348792
    ],
    "sig_v": [
     0.8462810619971186,
     0.9144989325271305
    ],
    "whole_sep": 0.8514344234861766,
    "nodes": 2
   }
  },
  "0.02": {
   "parity2": {
    "sep_v": [
     0.12585999482973595,
     0.08228085908437988
    ],
    "sig_v": [
     0.8743916672768426,
     0.9327599747479354
    ],
    "whole_sep": 0.1503691393544724,
    "nodes": 2
   },
   "parity3": {
    "sep_v": [
     0.06359004524800649,
     0.04044770912207629
    ],
    "sig_v": [
     0.8743916672768426,
     0.9327599747479354
    ],
    "whole_sep": 0.07536385757024125,
    "nodes": 2
   },
   "parity4": {
    "sep_v": [
     0.10021855052123844,
     0.05448676280948868
    ],
    "sig_v": [
     0.8743916672768426,
     0.9327599747479354
    ],
    "whole_sep": 0.11407263120501561,
    "nodes": 2
   },
   "delay_xor": {
    "sep_v": [
     0.14521994604993035,
     0.1117141458844897
    ],
    "sig_v": [
     0.8743916672768426,
     0.9327599747479354
    ],
    "whole_sep": 0.18321812989288405,
    "nodes": 2
   },
   "majority3": {
    "sep_v": [
     0.7638828301934377,
     0.20352331420366299
    ],
    "sig_v": [
     0.8743916672768426,
     0.9327599747479354
    ],
    "whole_sep": 0.7905306557552207,
    "nodes": 2
   }
  },
  "0.05": {
   "parity2": {
    "sep_v": [
     0.11283157184355927,
     0.06854088535297885
    ],
    "sig_v": [
     0.9079442097152556,
     0.9534919970027592
    ],
    "whole_sep": 0.13201824332136247,
    "nodes": 2
   },
   "parity3": {
    "sep_v": [
     0.05756734704744176,
     0.03407438809779682
    ],
    "sig_v": [
     0.9079442097152556,
     0.9534919970027592
    ],
    "whole_sep": 0.06689591445163058,
    "nodes": 2
   },
   "parity4": {
    "sep_v": [
     0.09070524338223934,
     0.04582875109348667
    ],
    "sig_v": [
     0.9079442097152556,
     0.9534919970027592
    ],
    "whole_sep": 0.10162536889881398,
    "nodes": 2
   },
   "delay_xor": {
    "sep_v": [
     0.12859996531566353,
     0.09321194077367846
    ],
    "sig_v": [
     0.9079442097152556,
     0.9534919970027592
    ],
    "whole_sep": 0.1588282625416069,
    "nodes": 2
   },
   "majority3": {
    "sep_v": [
     0.6874390611293859,
     0.17618702801356068
    ],
    "sig_v": [
     0.9079442097152556,
     0.9534919970027592
    ],
    "whole_sep": 0.7096578975863672,
    "nodes": 2
   }
  },
  "0.1": {
   "parity2": {
    "sep_v": [
     0.09498085852403867,
     0.05015014443907424
    ],
    "sig_v": [
     0.9463732974106319,
     0.9753967220504433
    ],
    "whole_sep": 0.10740763694087799,
    "nodes": 2
   },
   "parity3": {
    "sep_v": [
     0.049315858063496615,
     0.025506783597674342
    ],
    "sig_v": [
     0.9463732974106319,
     0.9753967220504433
    ],
    "whole_sep": 0.055521616205200054,
    "nodes": 2
   },
   "parity4": {
    "sep_v": [
     0.07767180408338847,
     0.0342671358834638
    ],
    "sig_v": [
     0.9463732974106319,
     0.9753967220504433
    ],
    "whole_sep": 0.08489491004308829,
    "nodes": 2
   },
   "delay_xor": {
    "sep_v": [
     0.10574953665155214,
     0.06828962140385764
    ],
    "sig_v": [
     0.9463732974106319,
     0.9753967220504433
    ],
    "whole_sep": 0.12588263142109865,
    "nodes": 2
   },
   "majority3": {
    "sep_v": [
     0.5827360359934536,
     0.14063628120497346
    ],
    "sig_v": [
     0.9463732974106319,
     0.9753967220504433
    ],
    "whole_sep": 0.5994663053387804,
    "nodes": 2
   }
  },
  "0.15": {
   "parity2": {
    "sep_v": [
     0.08119244494573866,
     0.03644220053198613
    ],
    "sig_v": [
     0.9697045185320855,
     0.9873372531521182
    ],
    "whole_sep": 0.08899577010105757,
    "nodes": 2
   },
   "parity3": {
    "sep_v": [
     0.04291048278927341,
     0.019066885932868118
    ],
    "sig_v": [
     0.9697045185320855,
     0.9873372531521182
    ],
    "whole_sep": 0.046955890710171116,
    "nodes": 2
   },
   "parity4": {
    "sep_v": [
     0.06755613343913099,
     0.02567181253590901
    ],
    "sig_v": [
     0.9697045185320855,
     0.9873372531521182
    ],
    "whole_sep": 0.07226944806849245,
    "nodes": 2
   },
   "delay_xor": {
    "sep_v": [
     0.08809682596038944,
     0.049507596290969125
    ],
    "sig_v": [
     0.9697045185320855,
     0.9873372531521182
    ],
    "whole_sep": 0.1010547021904707,
    "nodes": 2
   },
   "majority3": {
    "sep_v": [
     0.5017480453997353,
     0.11486939990885411
    ],
    "sig_v": [
     0.9697045185320855,
     0.9873372531521182
    ],
    "whole_sep": 0.5147291327464136,
    "nodes": 2
   }
  },
  "0.2": {
   "parity2": {
    "sep_v": [
     0.07060696599937898,
     0.026461051475920153
    ],
    "sig_v": [
     0.9834619693350636,
     0.9936409632269929
    ],
    "whole_sep": 0.07540245946153715,
    "nodes": 2
   },
   "parity3": {
    "sep_v": [
     0.037926872377101385,
     0.014310100272869414
    ],
    "sig_v": [
     0.9834619693350636,
     0.9936409632269929
    ],
    "whole_sep": 0.04053673171493372,
    "nodes": 2
   },
   "parity4": {
    "sep_v": [
     0.059688815520418964,
     0.019411027191791944
    ],
    "sig_v": [
     0.9834619693350636,
     0.9936409632269929
    ],
    "whole_sep": 0.06276577630262446,
    "nodes": 2
   },
   "delay_xor": {
    "sep_v": [
     0.07466521315987287,
     0.035617717897532236
    ],
    "sig_v": [
     0.9834619693350636,
     0.9936409632269929
    ],
    "whole_sep": 0.08272554553726098,
    "nodes": 2
   },
   "majority3": {
    "sep_v": [
     0.4392856434961086,
     0.09604481637207511
    ],
    "sig_v": [
     0.9834619693350636,
     0.9936409632269929
    ],
    "whole_sep": 0.4496626327967846,
    "nodes": 2
   }
  }
 }
}