{
 "arch": 0,
 "quantities": {
  "0.0": {
   "parity2": {
    "sep_v": [
     0.14754974465624612,
     0.1253174444355629,
     0.09542438639324145
    ],
    "sig_v": [
     0.8747466405286113,
     0.9375610098616666,
     0.9131076031935644
    ],
    "whole_sep": 0.2158267882967971,
    "nodes": 3
   },
   "parity3": {
    "sep_v": [
     0.13835133644181086,
     0.12884790568426582,
     0.07431311528051311
    ],
    "sig_v": [
     0.8747466405286113,
     0.9375610098616666,
     0.9131076031935644
    ],
    "whole_sep": 0.2031386575646089,
    "nodes": 3
   },
   "parity4": {
    "sep_v": [
     0.19629340692250216,
     0.048311211507449076,
     0.09085945711809112
    ],
    "sig_v": [
     0.8747466405286113,
     0.9375610098616666,
     0.9131076031935644
    ],
    "whole_sep": 0.2216314862702381,
    "nodes": 3
   },
   "delay_xor": {
    "sep_v": [
     0.15024074356750045,
     0.15752343011556535,
     0.12728607634822184
    ],
    "sig_v": [
     0.8747466405286113,
     0.9375610098616666,
     0.9131076031935644
    ],
    "whole_sep": 0.25216593206699073,
    "nodes": 3
   },
   "majority3": {
    "sep_v": [
     0.9391684714073257,
     0.6936162819602811,
     0.6219962358653442
    ],
    "sig_v": [
     0.8747466405286113,
     0.9375610098616666,
     0.9131076031935644
    ],
    "whole_sep": 1.322883321278424,
    "nodes": 3
   }
  },
  "0.02": {
   "parity2": {
    "sep_v": [
     0.13941543575588763,
     0.11606544780386548,
     0.08678897146268712
    ],
    "sig_v": [
     0.8934291706916181,
     0.9489751889429181,
     0.9315778468663166
    ],
    "whole_sep": 0.20109743277443146,
    "nodes": 3
   },
   "parity3": {
    "sep_v": [
     0.1287256374878523,
     0.1167325707403407,
     0.0662639937581614
    ],
    "sig_v": [
     0.8934291706916181,
     0.9489751889429181,
     0.9315778468663166
    ],
    "whole_sep": 0.18597768599239067,
    "nodes": 3
   },
   "parity4": {
    "sep_v": [
     0.1829957012371927,
     0.04551614896172771,
     0.08008218769728404
    ],
    "sig_v": [
     0.8934291706916181,
     0.9489751889429181,
     0.9315778468663166
    ],
    "whole_sep": 0.20487143108296263,
    "nodes": 3
   },
   "delay_xor": {
    "sep_v": [
     0.14172820741370654,
     0.14458198147788834,
     0.11478625531923332
    ],
    "sig_v": [
     0.8934291706916181,
     0.9489751889429181,
     0.9315778468663166
    ],
    "whole_sep": 0.23273744553678358,
    "nodes": 3
   },
   "majority3": {
    "sep_v": [
     0.8871530935993375,
     0.6464809921551774,
     0.5650696255950914
    ],
    "sig_v": [
     0.8934291706916181,
     0.9489751889429181,
     0.9315778468663166
    ],
    "whole_sep": 1.234618146015599,
    "nodes": 3
   }
  },
  "0.05": {
   "parity2": {
    "sep_v": [
     0.12821097969552578,
     0.10350874133415562,
     0.07526860690932072
    ],
    "sig_v": [
     0.9168827681271985,
     0.9625997846154165,
     0.9525879154607056
    ],
    "whole_sep": 0.18115594948313868,
    "nodes": 3
   },
   "parity3": {
    "sep_v": [
     0.11541977814687582,
     0.10040019591665873,
     0.05568161352377578
    ],
    "sig_v": [
     0.9168827681271985,
     0.9625997846154165,
     0.9525879154607056
    ],
    "whole_sep": 0.1627954747902675,
    "nodes": 3
   },
   "parity4": {
    "sep_v": [
     0.16463032530550933,
     0.042046019335106016,
     0.06610073340574386
    ],
    "sig_v": [
     0.9168827681271985,
     0.9625997846154165,
     0.9525879154607056
    ],
    "whole_sep": 0.18231927684395624,
    "nodes": 3
   },
   "delay_xor": {
    "sep_v": [
     0.13000349850380466,
     0.12706758645793229,
     0.09816551836380612
    ],
    "sig_v": [
     0.9168827681271985,
     0.9625997846154165,
     0.9525879154607056
    ],
    "whole_sep": 0.20659997615466363,
    "nodes": 3
   },
   "majority3": {
    "sep_v": [
     0.8155068249603685,
     0.5822926531900317,
     0.4891753484698587
    ],
    "sig_v": [
     0.9168827681271985,
     0.9625997846154165,
     0.9525879154607056
    ],
    "whole_sep": 1.1150823454196714,
    "nodes": 3
   }
  },
  "0.1": {
   "parity2": {
    "sep_v": [
     0.11197468095939343,
     0.08570805996440464,
     0.0593666688667502
    ],
    "sig_v": [
     0.9460482556968195,
     0.9782062990613547,
     0.9748634200803384
    ],
    "whole_sep": 0.15299869963876914,
    "nodes": 3
   },
   "parity3": {
    "sep_v": [
     0.09606675436608901,
     0.07760239657897137,
     0.041489387317923405
    ],
    "sig_v": [
     0.9460482556968195,
     0.9782062990613547,
     0.9748634200803384
    ],
    "whole_sep": 0.13027786653630422,
    "nodes": 3
   },
   "parity4": {
    "sep_v": [
     0.13795794656833357,
     0.0377133869816318,
     0.0478367351953938
    ],
    "sig_v": [
     0.9460482556968195,
     0.9782062990613547,
     0.9748634200803384
    ],
    "whole_sep": 0.15080798325397674,
    "nodes": 3
   },
   "delay_xor": {
    "sep_v": [
     0.11302255910530382,
     0.10241054472160133,
     0.07540143955790399
    ],
    "sig_v": [
     0.9460482556968195,
     0.9782062990613547,
     0.9748634200803384
    ],
    "whole_sep": 0.17013934178869758,
    "nodes": 3
   },
   "majority3": {
    "sep_v": [
     0.7116959541800401,
     0.4906007683665823,
     0.38456579944675456
    ],
    "sig_v": [
     0.9460482556968195,
     0.9782062990613547,
     0.9748634200803384
    ],
    "whole_sep": 0.946092542631132,
    "nodes": 3
   }
  },
  "0.15": {
   "parity2": {
    "sep_v": [
     0.09842285062427085,
     0.07121552893180498,
     0.0468399209681705
    ],
    "sig_v": [
     0.9658290006208945,
     0.9876832466206173,
     0.9870698730765775
    ],
    "whole_sep": 0.1302024856995777,
    "nodes": 3
   },
   "parity3": {
    "sep_v": [
     0.07992912100852881,
     0.059600461807251606,
     0.030831312568000997
    ],
    "sig_v": [
     0.9658290006208945,
     0.9876832466206173,
     0.9870698730765775
    ],
    "whole_sep": 0.10436210647308472,
    "nodes": 3
   },
   "parity4": {
    "sep_v": [
     0.11575659216685409,
     0.034510081441802086,
     0.03471720228512333
    ],
    "sig_v": [
     0.9658290006208945,
     0.9876832466206173,
     0.9870698730765775
    ],
    "whole_sep": 0.1256814166283519,
    "nodes": 3
   },
   "delay_xor": {
    "sep_v": [
     0.09887343787858421,
     0.08261791746551597,
     0.05773933838589492
    ],
    "sig_v": [
     0.9658290006208945,
     0.9876832466206173,
     0.9870698730765775
    ],
    "whole_sep": 0.141193159188078,
    "nodes": 3
   },
   "majority3": {
    "sep_v": [
     0.6250759564439314,
     0.414899504982059,
     0.30236785769276575
    ],
    "sig_v": [
     0.9658290006208945,
     0.9876832466206173,
     0.9870698730765775
    ],
    "whole_sep": 0.8088806289709044,
    "nodes": 3
   }
  },
  "0.2": {
   "parity2": {
    "sep_v": [
     0.08713565368048388,
     0.05940160728376162,
     0.03695716952506428
    ],
    "sig_v": [
     0.97894332083628,
     0.9932730195289575,
     0.9935519862919687
    ],
    "whole_sep": 0.1117452704570704,
    "nodes": 3
   },
   "parity3": {
    "sep_v": [
     0.06664945698029165,
     0.04562001289069658,
     0.02293238768820316
    ],
    "sig_v": [
     0.97894332083628,
     0.9932730195289575,
     0.9935519862919687
    ],
    "whole_sep": 0.08395969328789334,
    "nodes": 3
   },
   "parity4": {
    "sep_v": [
     0.09750829684998187,
     0.03183684592665702,
     0.02555279695257323
    ],
    "sig_v": [
     0.97894332083628,
     0.9932730195289575,
     0.9935519862919687
    ],
    "whole_sep": 0.10570902584567374,
    "nodes": 3
   },
   "delay_xor": {
    "sep_v": [
     0.087127566929266,
     0.06683626758355396,
     0.04411689700161384
    ],
    "sig_v": [
     0.97894332083628,
     0.9932730195289575,
     0.9935519862919687
    ],
    "whole_sep": 0.11834103339317753,
    "nodes": 3
   },