{
  "NARMA2": {
    "QRC (6 qubits, 84 feats)": 0.006766422371247541,
    "Linear (window=4)": 0.17354568944600993,
    "ESN (84 nodes)": 0.012066268732675562
  },
  "NARMA5": {
    "QRC (6 qubits, 84 feats)": 0.01312112703068477,
    "Linear (window=10)": 0.14825373856390617,
    "ESN (84 nodes)": 0.19022876242169068
  }
}