{"chain|1|updown|1": 0.8640776699029126, "chain|1|updown|2": 0.8932038834951457, "chain|1|updown|3": 0.8155339805825242, "chain|1|accel|1": 0.6796116504854369, "chain|1|accel|2": 0.7281553398058253, "chain|1|accel|3": 0.7087378640776699, "chain|1|prodmed|1": 0.8252427184466019, "chain|1|prodmed|2": 0.7766990291262136, "chain|1|prodmed|3": 0.8446601941747572, "chain|2|updown|1": 0.7184466019417476, "chain|2|updown|2": 0.7864077669902912, "chain|2|updown|3": 0.7184466019417476, "chain|2|accel|1": 0.6796116504854369, "chain|2|accel|2": 0.6310679611650486, "chain|2|accel|3": 0.6504854368932039, "chain|2|prodmed|1": 0.8349514563106796, "chain|2|prodmed|2": 0.7961165048543689, "chain|2|prodmed|3": 0.8252427184466019, "ring|1|updown|1": 0.8349514563106796, "ring|1|updown|2": 0.8446601941747572, "ring|1|updown|3": 0.8446601941747572, "ring|1|accel|1": 0.7281553398058253, "ring|1|accel|2": 0.6504854368932039, "ring|1|accel|3": 0.6699029126213593, "ring|1|prodmed|1": 0.8640776699029126, "ring|1|prodmed|2": 0.8155339805825242, "ring|1|prodmed|3": 0.8446601941747572, "ring|2|updown|1": 0.6990291262135923, "ring|2|updown|2": 0.8155339805825242, "ring|2|updown|3": 0.7475728155339806, "ring|2|accel|1": 0.6699029126213593, "ring|2|accel|2": 0.6310679611650486, "ring|2|accel|3": 0.6796116504854369, "ring|2|prodmed|1": 0.8349514563106796, "ring|2|prodmed|2": 0.8058252427184466, "ring|2|prodmed|3": 0.7864077669902912, "star|1|updown|1": 0.8155339805825242, "star|1|updown|2": 0.8446601941747572, "star|1|updown|3": 0.8349514563106796, "star|1|accel|1": 0.6407766990291263, "star|1|accel|2": 0.6504854368932039, "star|1|accel|3": 0.6893203883495146, "star|1|prodmed|1": 0.8737864077669902, "star|1|prodmed|2": 0.8932038834951457, "star|1|prodmed|3": 0.8737864077669902, "star|2|updown|1": 0.7766990291262136, "star|2|updown|2": 0.7864077669902912, "star|2|updown|3": 0.8543689320388349, "star|2|accel|1": 0.7087378640776699, "star|2|accel|2": 0.6893203883495146, "star|2|accel|3": 0.6601941747572816, "star|2|prodmed|1": 0.8155339805825242, "star|2|prodmed|2": 0.8640776699029126, "star|2|prodmed|3": 0.8446601941747572, "all2all|1|updown|1": 0.8058252427184466, "all2all|1|updown|2": 0.7669902912621359, "all2all|1|updown|3": 0.7766990291262136, "all2all|1|accel|1": 0.6699029126213593, "all2all|1|accel|2": 0.7087378640776699, "all2all|1|accel|3": 0.6213592233009708, "all2all|1|prodmed|1": 0.8155339805825242, "all2all|1|prodmed|2": 0.8155339805825242, "all2all|1|prodmed|3": 0.8155339805825242, "all2all|2|updown|1": 0.7378640776699029, "all2all|2|updown|2": 0.7572815533980582, "all2all|2|updown|3": 0.6893203883495146, "all2all|2|accel|1": 0.5533980582524272, "all2all|2|accel|2": 0.6601941747572816, "all2all|2|accel|3": 0.6504854368932039, "all2all|2|prodmed|1": 0.7864077669902912, "all2all|2|prodmed|2": 0.8155339805825242, "all2all|2|prodmed|3": 0.7864077669902912}