{
  "budgets": [
    400,
    1200,
    4000,
    12000,
    40000,
    120000
  ],
  "acc_mean": [
    0.5455265241488519,
    0.5946159936658749,
    0.6991290577988916,
    0.8004750593824227,
    0.931908155186065,
    0.98812351543943
  ],
  "acc_std": [
    0.024557501851576947,
    0.023460858891574107,
    0.016494589593032155,
    0.019101089599073324,
    0.01738281741892332,
    0.0019394218074292844
  ],
  "refs": {
    "esn_tuned": 0.767,
    "poly3_classical": 1.0,
    "linear": 0.51,
    "qrc_exact": 1.0
  },
  "retained_pct": {
    "regression_40k": 4.1,
    "classification_40k": 86.0
  }
}