{"published": {"e_S": 5.9, "e_B": 3.7, "SE_S": 0.3, "SE_B": 0.2}, "data_md5": "52b89051b9bd37a91a54e8570b963719", "seeds": {"0": {"e_S": [8.571428571428571, 8.571428571428571, 7.142857142857142, 4.285714285714286, 4.285714285714286, 10.0, 7.142857142857142, 8.571428571428571, 5.714285714285714, 10.0, 8.571428571428571, 8.571428571428571, 4.285714285714286, 2.857142857142857, 4.285714285714286, 2.857142857142857, 7.142857142857142, 4.285714285714286, 10.0, 4.285714285714286, 4.285714285714286, 8.571428571428571, 2.857142857142857, 5.714285714285714, 2.857142857142857, 7.142857142857142, 5.714285714285714, 8.571428571428571, 2.857142857142857, 2.857142857142857, 0.0, 10.0, 5.714285714285714, 4.285714285714286, 2.857142857142857, 11.428571428571429, 2.857142857142857, 4.285714285714286, 7.142857142857142, 7.142857142857142, 7.142857142857142, 7.142857142857142, 8.571428571428571, 5.714285714285714, 2.857142857142857, 5.714285714285714, 2.857142857142857, 5.714285714285714, 7.142857142857142, 5.714285714285714, 1.4285714285714286, 2.857142857142857, 5.714285714285714, 5.714285714285714, 2.857142857142857, 12.857142857142856, 8.571428571428571, 10.0, 0.0, 7.142857142857142, 8.571428571428571, 12.857142857142856, 4.285714285714286, 4.285714285714286, 1.4285714285714286, 11.428571428571429, 5.714285714285714, 8.571428571428571, 2.857142857142857, 7.142857142857142, 8.571428571428571, 7.142857142857142, 7.142857142857142, 5.714285714285714, 0.0, 5.714285714285714, 5.714285714285714, 15.714285714285714, 1.4285714285714286, 5.714285714285714, 4.285714285714286, 5.714285714285714, 4.285714285714286, 1.4285714285714286, 4.285714285714286, 11.428571428571429, 2.857142857142857, 4.285714285714286, 7.142857142857142, 4.285714285714286, 4.285714285714286, 7.142857142857142, 4.285714285714286, 8.571428571428571, 5.714285714285714, 2.857142857142857, 8.571428571428571, 7.142857142857142, 5.714285714285714, 8.571428571428571], "e_B": [5.714285714285714, 4.285714285714286, 5.714285714285714, 2.857142857142857, 2.857142857142857, 10.0, 2.857142857142857, 5.714285714285714, 1.4285714285714286, 2.857142857142857, 7.142857142857142, 5.714285714285714, 4.285714285714286, 1.4285714285714286, 1.4285714285714286, 4.285714285714286, 5.714285714285714, 0.0, 5.714285714285714, 0.0, 2.857142857142857, 7.142857142857142, 2.857142857142857, 7.142857142857142, 2.857142857142857, 7.142857142857142, 7.142857142857142, 2.857142857142857, 1.4285714285714286, 2.857142857142857, 2.857142857142857, 4.285714285714286, 2.857142857142857, 2.857142857142857, 2.857142857142857, 10.0, 2.857142857142857, 2.857142857142857, 2.857142857142857, 1.4285714285714286, 7.142857142857142, 5.714285714285714, 4.285714285714286, 5.714285714285714, 0.0, 2.857142857142857, 2.857142857142857, 2.857142857142857, 2.857142857142857, 7.142857142857142, 1.4285714285714286, 0.0, 5.714285714285714, 2.857142857142857, 1.4285714285714286, 7.142857142857142, 5.714285714285714, 8.571428571428571, 1.4285714285714286, 7.142857142857142, 4.285714285714286, 5.714285714285714, 2.857142857142857, 4.285714285714286, 0.0, 8.571428571428571, 2.857142857142857, 5.714285714285714, 1.4285714285714286, 4.285714285714286, 7.142857142857142, 1.4285714285714286, 7.142857142857142, 0.0, 0.0, 2.857142857142857, 4.285714285714286, 7.142857142857142, 2.857142857142857, 7.142857142857142, 2.857142857142857, 5.714285714285714, 2.857142857142857, 1.4285714285714286, 1.4285714285714286, 5.714285714285714, 4.285714285714286, 2.857142857142857, 5.714285714285714, 1.4285714285714286, 4.285714285714286, 1.4285714285714286, 2.857142857142857, 4.285714285714286, 5.714285714285714, 4.285714285714286, 4.285714285714286, 4.285714285714286, 5.714285714285714, 7.142857142857142], "mean_e_S": 5.971428571428572, "mean_e_B": 4.014285714285715, "SE_S": 0.29660346202952415, "SE_B": 0.2347777538269378, "drift_S": 0.07142857142857206, "drift_B": 0.31428571428571495}, "1": {"e_S": [10.0, 7.142857142857142, 10.0, 5.714285714285714, 7.142857142857142, 4.285714285714286, 5.714285714285714, 2.857142857142857, 7.142857142857142, 8.571428571428571, 7.142857142857142, 2.857142857142857, 2.857142857142857, 5.714285714285714, 4.285714285714286, 4.285714285714286, 5.714285714285714, 5.714285714285714, 2.857142857142857, 7.142857142857142, 4.285714285714286, 7.142857142857142, 7.142857142857142, 1.4285714285714286, 8.571428571428571, 5.714285714285714, 11.428571428571429, 2.857142857142857, 12.857142857142856, 5.714285714285714, 2.857142857142857, 10.0, 4.285714285714286, 2.857142857142857, 4.285714285714286, 7.142857142857142, 8.571428571428571, 2.857142857142857, 8.571428571428571, 5.714285714285714, 5.714285714285714, 8.571428571428571, 4.285714285714286, 1.4285714285714286, 8.571428571428571, 8.571428571428571, 8.571428571428571, 11.428571428571429, 11.428571428571429, 7.142857142857142, 4.285714285714286, 5.714285714285714, 5.714285714285714, 1.4285714285714286, 7.142857142857142, 4.285714285714286, 7.142857142857142, 4.285714285714286, 10.0, 5.714285714285714, 5.714285714285714, 10.0, 4.285714285714286, 8.571428571428571, 5.714285714285714, 8.571428571428571, 5.714285714285714, 8.571428571428571, 8.571428571428571, 5.714285714285714, 10.0, 11.428571428571429, 5.714285714285714, 7.142857142857142, 8.571428571428571, 5.714285714285714, 4.285714285714286, 4.285714285714286, 7.142857142857142, 7.142857142857142, 7.142857142857142, 7.142857142857142, 4.285714285714286, 2.857142857142857, 7.142857142857142, 5.714285714285714, 4.285714285714286, 1.4285714285714286, 5.714285714285714, 4.285714285714286, 5.714285714285714, 4.285714285714286, 12.857142857142856, 5.714285714285714, 4.285714285714286, 4.285714285714286, 5.714285714285714, 7.142857142857142, 4.285714285714286, 4.285714285714286], "e_B": [2.857142857142857, 4.285714285714286, 2.857142857142857, 4.285714285714286, 10.0, 7.142857142857142, 2.857142857142857, 2.857142857142857, 1.4285714285714286, 7.142857142857142, 2.857142857142857, 4.285714285714286, 2.857142857142857, 5.714285714285714, 2.857142857142857, 5.714285714285714, 1.4285714285714286, 4.285714285714286, 2.857142857142857, 5.714285714285714, 4.285714285714286, 8.571428571428571, 7.142857142857142, 0.0, 4.285714285714286, 5.714285714285714, 7.142857142857142, 2.857142857142857, 5.714285714285714, 0.0, 0.0, 7.142857142857142, 2.857142857142857, 2.857142857142857, 4.285714285714286, 8.571428571428571, 2.857142857142857, 2.857142857142857, 5.714285714285714, 2.857142857142857, 7.142857142857142, 5.714285714285714, 5.714285714285714, 1.4285714285714286, 4.285714285714286, 5.714285714285714, 2.857142857142857, 4.285714285714286, 7.142857142857142, 5.714285714285714, 1.4285714285714286, 4.285714285714286, 2.857142857142857, 1.4285714285714286, 7.142857142857142, 2.857142857142857, 4.285714285714286, 4.285714285714286, 7.142857142857142, 1.4285714285714286, 5.714285714285714, 7.142857142857142, 2.857142857142857, 2.857142857142857, 2.857142857142857, 7.142857142857142, 2.857142857142857, 2.857142857142857, 2.857142857142857, 4.285714285714286, 4.285714285714286, 5.714285714285714, 4.285714285714286, 1.4285714285714286, 5.714285714285714, 4.285714285714286, 2.857142857142857, 2.857142857142857, 1.4285714285714286, 4.285714285714286, 4.285714285714286, 7.142857142857142, 4.285714285714286, 4.285714285714286, 8.571428571428571, 4.285714285714286, 7.142857142857142, 2.857142857142857, 5.714285714285714, 1.4285714285714286, 4.285714285714286, 4.285714285714286, 10.0, 2.857142857142857, 5.714285714285714, 1.4285714285714286, 1.4285714285714286, 1.4285714285714286, 2.857142857142857, 5.714285714285714], "mean_e_S": 6.2428571428571455, "mean_e_B": 4.257142857142855, "SE_S": 0.2557562421745663, "SE_B": 0.21772610967274977, "drift_S": 0.3428571428571452, "drift_B": 0.5571428571428552},