{"published": {"e_S": 25.3, "e_B": 23.9}, "data_md5": "3cbaa3e54586aa88cf6aacb4033e4470", "seeds": {"0": {"e_S": [20.77922077922078, 23.376623376623375, 24.675324675324674, 37.66233766233766, 22.07792207792208, 19.480519480519483, 25.97402597402597, 25.97402597402597, 23.376623376623375, 28.57142857142857, 27.27272727272727, 27.27272727272727, 19.480519480519483, 29.87012987012987, 35.064935064935064, 20.77922077922078, 19.480519480519483, 28.57142857142857, 25.97402597402597, 29.87012987012987, 23.376623376623375, 28.57142857142857, 27.27272727272727, 22.07792207792208, 28.57142857142857, 23.376623376623375, 19.480519480519483, 11.688311688311687, 27.27272727272727, 25.97402597402597, 20.77922077922078, 33.76623376623377, 23.376623376623375, 24.675324675324674, 23.376623376623375, 18.181818181818183, 27.27272727272727, 27.27272727272727, 32.467532467532465, 28.57142857142857, 23.376623376623375, 16.883116883116884, 27.27272727272727, 20.77922077922078, 29.87012987012987, 35.064935064935064, 33.76623376623377, 31.16883116883117, 23.376623376623375, 25.97402597402597, 27.27272727272727, 27.27272727272727, 19.480519480519483, 24.675324675324674, 22.07792207792208, 28.57142857142857, 14.285714285714285, 20.77922077922078, 28.57142857142857, 25.97402597402597, 19.480519480519483, 25.97402597402597, 19.480519480519483, 27.27272727272727, 23.376623376623375, 24.675324675324674, 24.675324675324674, 35.064935064935064, 29.87012987012987, 28.57142857142857, 28.57142857142857, 20.77922077922078, 27.27272727272727, 27.27272727272727, 22.07792207792208, 24.675324675324674, 31.16883116883117, 19.480519480519483, 29.87012987012987, 33.76623376623377, 29.87012987012987, 25.97402597402597, 23.376623376623375, 28.57142857142857, 27.27272727272727, 25.97402597402597, 23.376623376623375, 32.467532467532465, 28.57142857142857, 29.87012987012987, 25.97402597402597, 27.27272727272727, 29.87012987012987, 31.16883116883117, 22.07792207792208, 22.07792207792208, 22.07792207792208, 24.675324675324674, 25.97402597402597, 31.16883116883117], "e_B": [20.77922077922078, 16.883116883116884, 25.97402597402597, 28.57142857142857, 15.584415584415584, 22.07792207792208, 25.97402597402597, 19.480519480519483, 32.467532467532465, 23.376623376623375, 23.376623376623375, 28.57142857142857, 18.181818181818183, 22.07792207792208, 32.467532467532465, 20.77922077922078, 15.584415584415584, 23.376623376623375, 25.97402597402597, 23.376623376623375, 27.27272727272727, 29.87012987012987, 24.675324675324674, 16.883116883116884, 29.87012987012987, 16.883116883116884, 23.376623376623375, 22.07792207792208, 27.27272727272727, 28.57142857142857, 23.376623376623375, 29.87012987012987, 28.57142857142857, 20.77922077922078, 19.480519480519483, 18.181818181818183, 19.480519480519483, 28.57142857142857, 27.27272727272727, 23.376623376623375, 22.07792207792208, 14.285714285714285, 27.27272727272727, 22.07792207792208, 20.77922077922078, 27.27272727272727, 27.27272727272727, 25.97402597402597, 25.97402597402597, 25.97402597402597, 25.97402597402597, 24.675324675324674, 24.675324675324674, 23.376623376623375, 25.97402597402597, 25.97402597402597, 19.480519480519483, 16.883116883116884, 24.675324675324674, 25.97402597402597, 15.584415584415584, 24.675324675324674, 22.07792207792208, 23.376623376623375, 27.27272727272727, 29.87012987012987, 24.675324675324674, 33.76623376623377, 32.467532467532465, 19.480519480519483, 28.57142857142857, 18.181818181818183, 18.181818181818183, 27.27272727272727, 18.181818181818183, 23.376623376623375, 25.97402597402597, 19.480519480519483, 28.57142857142857, 24.675324675324674, 28.57142857142857, 22.07792207792208, 19.480519480519483, 29.87012987012987, 20.77922077922078, 25.97402597402597, 23.376623376623375, 32.467532467532465, 28.57142857142857, 20.77922077922078, 20.77922077922078, 20.77922077922078, 23.376623376623375, 20.77922077922078, 23.376623376623375, 22.07792207792208, 19.480519480519483, 19.480519480519483, 23.376623376623375, 24.675324675324674], "mean_e_S": 25.805194805194805, "mean_e_B": 23.831168831168835, "se_e_S": 0.4661219558423738, "se_e_B": 0.4342266187596232}, "1": {"e_S": [32.467532467532465, 24.675324675324674, 23.376623376623375, 29.87012987012987, 22.07792207792208, 25.97402597402597, 24.675324675324674, 20.77922077922078, 27.27272727272727, 22.07792207792208, 27.27272727272727, 23.376623376623375, 22.07792207792208, 22.07792207792208, 33.76623376623377, 28.57142857142857, 22.07792207792208, 29.87012987012987, 19.480519480519483, 31.16883116883117, 27.27272727272727, 29.87012987012987, 27.27272727272727, 22.07792207792208, 25.97402597402597, 42.857142857142854, 22.07792207792208, 32.467532467532465, 28.57142857142857, 28.57142857142857, 27.27272727272727, 14.285714285714285, 27.27272727272727, 23.376623376623375, 27.27272727272727, 23.376623376623375, 20.77922077922078, 27.27272727272727, 25.97402597402597, 23.376623376623375, 25.97402597402597, 28.57142857142857, 24.675324675324674, 25.97402597402597, 32.467532467532465, 22.07792207792208, 27.27272727272727, 24.675324675324674, 28.57142857142857, 28.57142857142857, 23.376623376623375, 36.36363636363637, 32.467532467532465, 22.07792207792208, 32.467532467532465, 25.97402597402597, 29.87012987012987, 28.57142857142857, 20.77922077922078, 24.675324675324674, 24.675324675324674, 28.57142857142857, 27.27272727272727, 22.07792207792208, 19.480519480519483, 29.87012987012987, 20.77922077922078, 24.675324675324674, 18.181818181818183, 27.27272727272727, 20.77922077922078, 28.57142857142857, 29.87012987012987, 22.07792207792208, 20.77922077922078, 23.376623376623375, 23.376623376623375, 27.27272727272727, 31.16883116883117, 33.76623376623377, 28.57142857142857, 25.97402597402597, 23.376623376623375, 31.16883116883117, 22.07792207792208, 32.467532467532465, 37.66233766233766, 24.675324675324674, 29.87012987012987, 20.77922077922078, 24.675324675324674, 19.480519480519483, 19.480519480519483, 23.376623376623375, 19.480519480519483, 19.480519480519483, 28.57142857142857, 25.97402597402597, 23.376623376623375, 27.27272727272727],