{"published": {"e_S": 29.1, "e_B": 19.3}, "per_seed": {"0": {"e_S": [26.93333333333333, 30.733333333333334, 31.066666666666663, 31.8, 28.866666666666667, 28.066666666666666, 28.4, 31.466666666666665, 27.866666666666667, 31.466666666666665, 32.4, 30.0, 28.4, 26.866666666666667, 26.666666666666668, 29.06666666666667, 30.06666666666667, 27.666666666666668, 31.4, 27.866666666666667, 28.999999999999996, 30.666666666666664, 33.666666666666664, 24.8, 25.333333333333336, 29.733333333333334, 28.799999999999997, 30.133333333333333, 26.8, 28.199999999999996, 32.666666666666664, 28.733333333333334, 30.8, 33.93333333333333, 27.333333333333332, 30.733333333333334, 29.799999999999997, 28.26666666666667, 28.26666666666667, 28.799999999999997, 32.06666666666666, 27.066666666666666, 28.4, 33.266666666666666, 24.8, 28.199999999999996, 29.46666666666667, 28.26666666666667, 28.4, 28.000000000000004, 31.866666666666667, 27.800000000000004, 27.333333333333332, 30.599999999999998, 26.53333333333333, 30.533333333333335, 30.2, 28.933333333333334, 30.866666666666664, 27.933333333333334, 27.666666666666668, 30.666666666666664, 28.46666666666667, 26.666666666666668, 39.4, 31.333333333333336, 32.33333333333333, 27.0, 31.933333333333337, 27.800000000000004, 28.53333333333333, 27.266666666666666, 27.333333333333332, 29.26666666666667, 31.266666666666666, 30.4, 30.533333333333335, 30.599999999999998, 28.933333333333334, 29.86666666666667, 26.866666666666667, 30.333333333333336, 30.06666666666667, 28.733333333333334, 29.933333333333334, 30.0, 28.133333333333333, 27.0, 26.6, 29.06666666666667, 26.93333333333333, 27.866666666666667, 27.73333333333333, 29.133333333333333, 32.4, 28.26666666666667, 30.4, 29.733333333333334, 28.733333333333334, 28.4], "e_B": [18.0, 18.933333333333334, 18.666666666666668, 21.73333333333333, 20.133333333333333, 18.8, 19.53333333333333, 19.333333333333332, 17.866666666666667, 17.133333333333333, 22.53333333333333, 18.53333333333333, 21.0, 19.2, 19.8, 19.8, 18.933333333333334, 18.4, 20.133333333333333, 21.8, 21.866666666666667, 19.866666666666667, 18.866666666666667, 18.266666666666666, 18.73333333333333, 19.933333333333334, 18.73333333333333, 16.53333333333333, 19.333333333333332, 21.4, 18.2, 22.2, 19.0, 20.533333333333335, 18.933333333333334, 20.666666666666668, 19.666666666666664, 19.53333333333333, 20.066666666666666, 19.466666666666665, 22.0, 18.933333333333334, 19.666666666666664, 19.066666666666666, 19.466666666666665, 21.6, 17.933333333333334, 22.066666666666666, 20.266666666666666, 19.2, 20.133333333333333, 18.933333333333334, 21.933333333333334, 21.8, 16.8, 19.666666666666664, 23.599999999999998, 18.266666666666666, 20.933333333333334, 20.933333333333334, 21.2, 19.26666666666667, 20.333333333333332, 18.46666666666667, 20.733333333333334, 19.2, 20.4, 19.400000000000002, 19.333333333333332, 19.866666666666667, 17.533333333333335, 19.866666666666667, 19.733333333333334, 17.8, 19.466666666666665, 21.133333333333333, 19.866666666666667, 17.8, 18.066666666666666, 20.133333333333333, 21.933333333333334, 19.6, 18.4, 19.133333333333333, 20.4, 18.333333333333332, 18.0, 19.933333333333334, 18.73333333333333, 19.2, 16.866666666666667, 18.8, 19.53333333333333, 19.866666666666667, 20.733333333333334, 19.400000000000002, 18.866666666666667, 19.133333333333333, 19.133333333333333, 18.066666666666666]}, "1": {"e_S": [27.266666666666666, 25.666666666666664, 27.266666666666666, 29.799999999999997, 28.333333333333332, 30.666666666666664, 27.933333333333334, 29.26666666666667, 30.4, 26.93333333333333, 29.733333333333334, 31.4, 30.133333333333333, 27.333333333333332, 29.133333333333333, 35.53333333333333, 31.666666666666664, 28.53333333333333, 29.86666666666667, 27.200000000000003, 29.133333333333333, 29.333333333333332, 28.333333333333332, 30.133333333333333, 31.866666666666667, 30.533333333333335, 27.53333333333333, 26.8, 28.066666666666666, 28.199999999999996, 28.733333333333334, 24.53333333333333, 31.066666666666663, 28.599999999999998, 30.866666666666664, 31.733333333333334, 24.46666666666667, 26.73333333333333, 25.6, 32.13333333333333, 30.733333333333334, 31.2, 27.400000000000002, 29.799999999999997, 29.86666666666667, 31.066666666666663, 30.599999999999998, 28.866666666666667, 30.2, 28.999999999999996, 29.799999999999997, 29.333333333333332, 28.53333333333333, 32.800000000000004, 30.266666666666666, 32.266666666666666, 28.666666666666668, 29.666666666666668, 27.46666666666667, 27.400000000000002, 32.2, 28.933333333333334, 28.000000000000004, 31.066666666666663, 29.133333333333333, 30.466666666666665, 29.26666666666667, 27.400000000000002, 26.8, 29.26666666666667, 31.066666666666663, 29.26666666666667, 30.533333333333335, 27.866666666666667, 27.666666666666668, 28.666666666666668, 28.799999999999997, 27.933333333333334, 28.999999999999996, 29.599999999999998, 27.46666666666667, 31.533333333333335, 28.333333333333332, 28.4, 28.333333333333332, 30.466666666666665, 31.8, 31.466666666666665, 29.799999999999997, 27.6, 28.733333333333334, 28.53333333333333, 32.2, 28.733333333333334, 33.2, 27.666666666666668, 28.066666666666666, 28.199999999999996, 29.86666666666667, 30.2], "e_B": [20.4, 20.866666666666667, 20.133333333333333, 21.0, 20.266666666666666, 17.866666666666667, 17.8, 20.0, 22.0, 20.066666666666666, 18.53333333333333, 20.333333333333332, 20.533333333333335, 18.266666666666666, 19.066666666666666, 21.266666666666666, 20.466666666666665, 18.866666666666667, 23.0, 18.73333333333333, 21.2, 20.466666666666665, 19.933333333333334, 20.0, 18.066666666666666, 19.6, 21.2, 18.133333333333333, 20.200000000000003, 19.333333333333332, 21.73333333333333, 18.266666666666666, 23.266666666666666, 17.866666666666667, 20.733333333333334, 17.733333333333334, 18.0, 20.533333333333335, 18.73333333333333, 16.733333333333334, 17.599999999999998, 19.400000000000002, 18.2, 18.4, 21.133333333333333, 22.066666666666666, 20.599999999999998, 20.066666666666666, 20.666666666666668, 21.73333333333333, 18.8, 19.133333333333333, 22.466666666666665, 23.066666666666666, 20.8, 21.53333333333333, 18.666666666666668, 19.133333333333333, 20.333333333333332, 19.333333333333332, 19.666666666666664, 23.0, 18.866666666666667, 17.0, 21.8, 19.066666666666666, 22.933333333333334, 18.6, 18.8, 19.066666666666666, 19.400000000000002, 19.666666666666664, 22.53333333333333, 19.0, 20.933333333333334, 17.666666666666668, 19.0, 18.53333333333333, 18.066666666666666, 20.266666666666666, 20.066666666666666, 21.53333333333333, 19.8, 17.599999999999998, 19.866666666666667, 21.066666666666666, 19.2, 18.53333333333333, 19.866666666666667, 18.066666666666666, 20.133333333333333, 21.4, 23.266666666666666, 18.133333333333333, 20.200000000000003, 20.599999999999998, 17.933333333333334, 18.333333333333332, 20.066666666666666, 20.266666666666666]},