{"published": {"e_S": 11.2, "e_B": 7.9, "SE_e_S": 0.5, "SE_e_B": 0.4}, "data_md5": "85649e5fb5b15fb9dab726c400be61fe", "seeds": {"0": {"mean_e_S": 10.914285714285713, "mean_e_B": 8.028571428571427, "SE_e_S": 0.515886557708819, "SE_e_B": 0.44982417142582287, "e_S": [11.428571428571429, 14.285714285714285, 5.714285714285714, 11.428571428571429, 8.571428571428571, 0.0, 5.714285714285714, 14.285714285714285, 2.857142857142857, 0.0, 14.285714285714285, 14.285714285714285, 17.142857142857142, 11.428571428571429, 14.285714285714285, 14.285714285714285, 8.571428571428571, 11.428571428571429, 11.428571428571429, 14.285714285714285, 14.285714285714285, 17.142857142857142, 8.571428571428571, 8.571428571428571, 5.714285714285714, 11.428571428571429, 5.714285714285714, 5.714285714285714, 14.285714285714285, 2.857142857142857, 14.285714285714285, 11.428571428571429, 11.428571428571429, 5.714285714285714, 5.714285714285714, 5.714285714285714, 14.285714285714285, 17.142857142857142, 11.428571428571429, 11.428571428571429, 8.571428571428571, 11.428571428571429, 11.428571428571429, 5.714285714285714, 14.285714285714285, 8.571428571428571, 14.285714285714285, 17.142857142857142, 8.571428571428571, 14.285714285714285, 14.285714285714285, 8.571428571428571, 5.714285714285714, 17.142857142857142, 14.285714285714285, 14.285714285714285, 20.0, 8.571428571428571, 14.285714285714285, 20.0, 20.0, 2.857142857142857, 11.428571428571429, 5.714285714285714, 2.857142857142857, 5.714285714285714, 8.571428571428571, 17.142857142857142, 22.857142857142858, 17.142857142857142, 8.571428571428571, 5.714285714285714, 5.714285714285714, 20.0, 14.285714285714285, 17.142857142857142, 0.0, 8.571428571428571, 5.714285714285714, 2.857142857142857, 11.428571428571429, 5.714285714285714, 11.428571428571429, 5.714285714285714, 14.285714285714285, 22.857142857142858, 14.285714285714285, 11.428571428571429, 5.714285714285714, 5.714285714285714, 8.571428571428571, 17.142857142857142, 17.142857142857142, 8.571428571428571, 14.285714285714285, 14.285714285714285, 5.714285714285714, 5.714285714285714, 11.428571428571429, 17.142857142857142], "e_B": [5.714285714285714, 8.571428571428571, 0.0, 5.714285714285714, 8.571428571428571, 0.0, 5.714285714285714, 11.428571428571429, 2.857142857142857, 5.714285714285714, 14.285714285714285, 8.571428571428571, 8.571428571428571, 8.571428571428571, 8.571428571428571, 14.285714285714285, 5.714285714285714, 14.285714285714285, 11.428571428571429, 8.571428571428571, 17.142857142857142, 11.428571428571429, 0.0, 5.714285714285714, 11.428571428571429, 5.714285714285714, 0.0, 2.857142857142857, 8.571428571428571, 2.857142857142857, 8.571428571428571, 8.571428571428571, 8.571428571428571, 2.857142857142857, 11.428571428571429, 0.0, 11.428571428571429, 11.428571428571429, 8.571428571428571, 8.571428571428571, 14.285714285714285, 5.714285714285714, 11.428571428571429, 5.714285714285714, 14.285714285714285, 8.571428571428571, 14.285714285714285, 14.285714285714285, 5.714285714285714, 11.428571428571429, 8.571428571428571, 2.857142857142857, 2.857142857142857, 2.857142857142857, 14.285714285714285, 11.428571428571429, 11.428571428571429, 5.714285714285714, 11.428571428571429, 11.428571428571429, 14.285714285714285, 5.714285714285714, 14.285714285714285, 5.714285714285714, 0.0, 5.714285714285714, 0.0, 8.571428571428571, 17.142857142857142, 8.571428571428571, 5.714285714285714, 5.714285714285714, 5.714285714285714, 14.285714285714285, 14.285714285714285, 11.428571428571429, 2.857142857142857, 2.857142857142857, 5.714285714285714, 0.0, 5.714285714285714, 5.714285714285714, 8.571428571428571, 8.571428571428571, 11.428571428571429, 5.714285714285714, 17.142857142857142, 8.571428571428571, 11.428571428571429, 5.714285714285714, 11.428571428571429, 8.571428571428571, 17.142857142857142, 11.428571428571429, 5.714285714285714, 5.714285714285714, 0.0, 5.714285714285714, 5.714285714285714, 2.857142857142857]}, "1": {"mean_e_S": 10.828571428571427, "mean_e_B": 8.914285714285713, "SE_e_S": 0.5268232860130917, "SE_e_B": 0.4670640590879289, "e_S": [11.428571428571429, 8.571428571428571, 8.571428571428571, 22.857142857142858, 17.142857142857142, 5.714285714285714, 14.285714285714285, 11.428571428571429, 14.285714285714285, 11.428571428571429, 17.142857142857142, 14.285714285714285, 2.857142857142857, 5.714285714285714, 20.0, 2.857142857142857, 5.714285714285714, 8.571428571428571, 14.285714285714285, 5.714285714285714, 2.857142857142857, 0.0, 8.571428571428571, 8.571428571428571, 17.142857142857142, 8.571428571428571, 5.714285714285714, 11.428571428571429, 11.428571428571429, 8.571428571428571, 8.571428571428571, 8.571428571428571, 5.714285714285714, 17.142857142857142, 17.142857142857142, 17.142857142857142, 20.0, 8.571428571428571, 2.857142857142857, 8.571428571428571, 11.428571428571429, 8.571428571428571, 22.857142857142858, 11.428571428571429, 11.428571428571429, 14.285714285714285, 11.428571428571429, 11.428571428571429, 2.857142857142857, 5.714285714285714, 2.857142857142857, 17.142857142857142, 14.285714285714285, 14.285714285714285, 8.571428571428571, 17.142857142857142, 2.857142857142857, 5.714285714285714, 17.142857142857142, 20.0, 14.285714285714285, 5.714285714285714, 11.428571428571429, 11.428571428571429, 8.571428571428571, 17.142857142857142, 5.714285714285714, 17.142857142857142, 11.428571428571429, 11.428571428571429, 5.714285714285714, 11.428571428571429, 2.857142857142857, 5.714285714285714, 5.714285714285714, 8.571428571428571, 11.428571428571429, 2.857142857142857, 11.428571428571429, 17.142857142857142, 14.285714285714285, 11.428571428571429, 11.428571428571429, 17.142857142857142, 14.285714285714285, 8.571428571428571, 5.714285714285714, 14.285714285714285, 20.0, 5.714285714285714, 14.285714285714285, 14.285714285714285, 20.0, 5.714285714285714, 14.285714285714285, 2.857142857142857, 5.714285714285714, 5.714285714285714, 11.428571428571429, 17.142857142857142], "e_B": [11.428571428571429, 8.571428571428571, 8.571428571428571, 20.0, 14.285714285714285, 11.428571428571429, 11.428571428571429, 8.571428571428571, 14.285714285714285, 14.285714285714285, 20.0, 11.428571428571429, 2.857142857142857, 5.714285714285714, 20.0, 5.714285714285714, 8.571428571428571, 5.714285714285714, 8.571428571428571, 5.714285714285714, 0.0, 5.714285714285714, 5.714285714285714, 14.285714285714285, 11.428571428571429, 17.142857142857142, 2.857142857142857, 11.428571428571429, 11.428571428571429, 5.714285714285714, 5.714285714285714, 8.571428571428571, 5.714285714285714, 14.285714285714285, 5.714285714285714, 11.428571428571429, 17.142857142857142, 5.714285714285714, 2.857142857142857, 5.714285714285714, 8.571428571428571, 2.857142857142857, 17.142857142857142, 11.428571428571429, 8.571428571428571, 14.285714285714285, 5.714285714285714, 8.571428571428571, 2.857142857142857, 5.714285714285714, 8.571428571428571, 11.428571428571429, 14.285714285714285, 14.285714285714285, 2.857142857142857, 8.571428571428571, 5.714285714285714, 0.0, 14.285714285714285, 20.0, 14.285714285714285, 2.857142857142857, 11.428571428571429, 11.428571428571429, 8.571428571428571, 8.571428571428571, 2.857142857142857, 11.428571428571429, 5.714285714285714, 5.714285714285714, 5.714285714285714, 5.714285714285714, 5.714285714285714, 5.714285714285714, 11.428571428571429, 8.571428571428571, 5.714285714285714, 2.857142857142857, 5.714285714285714, 11.428571428571429, 8.571428571428571, 11.428571428571429, 8.571428571428571, 11.428571428571429, 11.428571428571429, 8.571428571428571, 5.714285714285714, 8.571428571428571, 14.285714285714285, 2.857142857142857, 11.428571428571429, 8.571428571428571, 20.0, 5.714285714285714, 5.714285714285714, 5.714285714285714, 5.714285714285714, 5.714285714285714, 0.0, 8.571428571428571]}, "2": {"mean_e_S": 10.885714285714284, "mean_e_B": 7.914285714285714, "SE_e_S": 0.4867995684375271, "SE_e_B": 0.3934214758215424,