{
 "summary": {
  "published": {
   "e_S": 30.4,
   "e_B": 23.6,
   "SE_S": 1.1,
   "SE_B": 0.9
  },
  "bar_pp": 4.0,
  "reproduced": {
   "0": {
    "e_S": 32.143,
    "e_B": 25.667,
    "SE_S": 0.91,
    "SE_B": 0.81
   },
   "1": {
    "e_S": 31.048,
    "e_B": 24.19,
    "SE_S": 1.02,
    "SE_B": 0.94
   },
   "2": {
    "e_S": 30.857,
    "e_B": 25.048,
    "SE_S": 1.0,
    "SE_B": 0.85
   }
  },
  "drift_3seed_pp": {
   "e_S": 0.95,
   "e_B": 1.37
  },
  "all_seeds_in_bar": {
   "e_S": true,
   "e_B": true
  },
  "env": {
   "python": "3.10.12",
   "sklearn": "1.7.2",
   "numpy": "2.2.6",
   "platform": "Linux-6.8.0-124-generic-x86_64-with-glibc2.35",
   "cores": 2
  },
  "data_md5": "2732c9170bf8c483f33da3c58929c067",
  "seed_convention": "seed_i = master_seed*100000 + iteration_index governs split, CV folds, bootstraps, tree random_state"
 },
 "per_seed": {
  "0": {
   "e_S": 32.14285714285713,
   "e_B": 25.66666666666666,
   "SE_S": 0.9140306482433816,
   "SE_B": 0.8090709765354556,
   "per_iter_e_S": [
    42.857142857142854,
    28.57142857142857,
    28.57142857142857,
    14.285714285714285,
    19.047619047619047,
    28.57142857142857,
    42.857142857142854,
    38.095238095238095,
    33.33333333333333,
    23.809523809523807,
    52.38095238095239,
    19.047619047619047,
    23.809523809523807,
    28.57142857142857,
    19.047619047619047,
    33.33333333333333,
    33.33333333333333,
    28.57142857142857,
    33.33333333333333,
    33.33333333333333,
    33.33333333333333,
    47.61904761904761,
    28.57142857142857,
    33.33333333333333,
    38.095238095238095,
    33.33333333333333,
    28.57142857142857,
    38.095238095238095,
    38.095238095238095,
    28.57142857142857,
    38.095238095238095,
    47.61904761904761,
    38.095238095238095,
    38.095238095238095,
    47.61904761904761,
    42.857142857142854,
    28.57142857142857,
    38.095238095238095,
    47.61904761904761,
    28.57142857142857,
    33.33333333333333,
    23.809523809523807,
    23.809523809523807,
    33.33333333333333,
    28.57142857142857,
    23.809523809523807,
    38.095238095238095,
    47.61904761904761,
    38.095238095238095,
    28.57142857142857,
    38.095238095238095,
    28.57142857142857,
    14.285714285714285,
    42.857142857142854,
    28.57142857142857,
    28.57142857142857,
    38.095238095238095,
    28.57142857142857,
    33.33333333333333,
    33.33333333333333,
    23.809523809523807,
    28.57142857142857,
    42.857142857142854,
    19.047619047619047,
    33.33333333333333,
    23.809523809523807,
    28.57142857142857,
    19.047619047619047,
    19.047619047619047,
    9.523809523809524,
    42.857142857142854,
    19.047619047619047,
    23.809523809523807,
    33.33333333333333,
    38.095238095238095,
    28.57142857142857,
    9.523809523809524,
    38.095238095238095,
    28.57142857142857,
    33.33333333333333,
    38.095238095238095,
    33.33333333333333,
    42.857142857142854,
    19.047619047619047,
    33.33333333333333,
    19.047619047619047,
    33.33333333333333,
    38.095238095238095,
    28.57142857142857,
    28.57142857142857,
    23.809523809523807,
    33.33333333333333,
    47.61904761904761,
    28.57142857142857,
    42.857142857142854,
    28.57142857142857,
    52.38095238095239,
    42.857142857142854,
    28.57142857142857,
    47.61904761904761
   ],
   "per_iter_e_B": [
    42.857142857142854,
    33.33333333333333,
    23.809523809523807,
    23.809523809523807,
    9.523809523809524,
    33.33333333333333,
    38.095238095238095,
    38.095238095238095,
    23.809523809523807,
    14.285714285714285,
    42.857142857142854,
    23.809523809523807,
    19.047619047619047,
    19.047619047619047,
    19.047619047619047,
    19.047619047619047,
    38.095238095238095,
    23.809523809523807,
    33.33333333333333,
    33.33333333333333,
    28.57142857142857,
    19.047619047619047,
    19.047619047619047,
    28.57142857142857,
    28.57142857142857,
    19.047619047619047,
    23.809523809523807,
    23.809523809523807,
    33.33333333333333,
    23.809523809523807,
    42.857142857142854,
    23.809523809523807,
    14.285714285714285,
    33.33333333333333,
    33.33333333333333,
    38.095238095238095,
    38.095238095238095,
    33.33333333333333,
    23.809523809523807,
    33.33333333333333,
    23.809523809523807,
    23.809523809523807,
    9.523809523809524,
    23.809523809523807,
    19.047619047619047,
    23.809523809523807,
    14.285714285714285,
    38.095238095238095,
    23.809523809523807,
    23.809523809523807,
    23.809523809523807,
    23.809523809523807,
    9.523809523809524,
    33.33333333333333,
    33.33333333333333,
    19.047619047619047,
    38.095238095238095,
    28.57142857142857,
    23.809523809523807,
    28.57142857142857,
    19.047619047619047,
    19.047619047619047,
    28.57142857142857,
    19.047619047619047,
    28.57142857142857,
    19.047619047619047,
    19.047619047619047,
    19.047619047619047,
    14.285714285714285,
    14.285714285714285,
    28.57142857142857,
    14.285714285714285,
    23.809523809523807,
    33.33333333333333,
    23.809523809523807,
    23.809523809523807,
    14.285714285714285,
    14.285714285714285,
    28.57142857142857,
    19.047619047619047,
    33.33333333333333,
    38.095238095238095,
    33.33333333333333,
    23.809523809523807,
    33.33333333333333,
    19.047619047619047,
    28.57142857142857,
    28.57142857142857,
    38.095238095238095,
    23.809523809523807,
    23.809523809523807,
    14.285714285714285,
    33.33333333333333,
    28.57142857142857,
    28.57142857142857,
    19.047619047619047,
    38.095238095238095,
    23.809523809523807,
    14.285714285714285,
    19.047619047619047
   ]
  },
  "1": {
   "e_S": 31.047619047619037,
   "e_B": 24.190476190476193,
   "SE_S": 1.0230625819846246,
   "SE_B": 0.9394992216179275,