{
 "audit": "Program 2b confirmatory audit #13 - Joulin et al. 2016 fastText Table 1 AG News",
 "published": {
  "rowA_h10": 91.5,
  "rowB_h10_bigram": 92.5
 },
 "prereg_commit": "f6c0417a84a38f183c9e84faceb8b744d5500229",
 "environment": {
  "python": "3.10.12",
  "fasttext_wheel": "0.9.2",
  "numpy": "2.2.6",
  "os": "Ubuntu 22.04 sandbox, CPU only",
  "threads": 4
 },
 "data": {
  "csv_md5": {
   "train": "b1a00f826fdfbd249f79597b59e1dc12",
   "test": "d52ea96a97a2d943681189a97654912d"
  },
  "norm_md5": {
   "train_seed0": "06acef7b6186f74c889f4508592036eb",
   "train_seed1": "104073e61868ac52d0a5979f21317de7",
   "train_seed2": "ac27ed539439fdbc38ef637264e72536",
   "test": "6827603bc8171db4a72bd2c11f9cce08"
  }
 },
 "lr_selection_rowA": {
  "0.05": {
   "n_val": 12000,
   "val_p1": 0.9131666666666667
  },
  "0.1": {
   "n_val": 12000,
   "val_p1": 0.91525
  },
  "0.25": {
   "n_val": 12000,
   "val_p1": 0.9145
  },
  "0.5": {
   "n_val": 12000,
   "val_p1": 0.913
  }
 },
 "rowA": {
  "0": {
   "n_test": 7600,
   "acc_pct": 91.30263157894737,
   "lr": 0.1
  },
  "1": {
   "n_test": 7600,
   "acc_pct": 91.47368421052632,
   "lr": 0.1
  },
  "2": {
   "n_test": 7600,
   "acc_pct": 91.47368421052632,
   "lr": 0.1
  }
 },
 "rowB": {
  "0": {
   "n_test": 7600,
   "acc_pct": 92.53947368421052,
   "lr": 0.25
  },
  "1": {
   "n_test": 7600,
   "acc_pct": 92.39473684210526,
   "lr": 0.25
  },
  "2": {
   "n_test": 7600,
   "acc_pct": 92.3157894736842,
   "lr": 0.25
  }
 },
 "summary": {
  "rowA": {
   "per_seed": {
    "0": {
     "n_test": 7600,
     "acc_pct": 91.30263157894737,
     "lr": 0.1
    },
    "1": {
     "n_test": 7600,
     "acc_pct": 91.47368421052632,
     "lr": 0.1
    },
    "2": {
     "n_test": 7600,
     "acc_pct": 91.47368421052632,
     "lr": 0.1
    }
   },
   "accs": [
    91.30263157894737,
    91.47368421052632,
    91.47368421052632
   ],
   "drift_3seed_mean_pp": 0.08333333333333333,
   "all_seeds_within_2pp": true
  },
  "rowB": {
   "per_seed": {
    "0": {
     "n_test": 7600,
     "acc_pct": 92.53947368421052,
     "lr": 0.25
    },
    "1": {
     "n_test": 7600,
     "acc_pct": 92.39473684210526,
     "lr": 0.25
    },
    "2": {
     "n_test": 7600,
     "acc_pct": 92.3157894736842,
     "lr": 0.25
    }
   },
   "accs": [
    92.53947368421052,
    92.39473684210526,
    92.3157894736842
   ],
   "drift_3seed_mean_pp": 0.10964912280701829,
   "all_seeds_within_2pp": true
  }
 },
 "sensitivity_thread_noise_seed0_replicates": {
  "rowA": [
   91.40789473684211,
   91.36842105263158,
   91.39473684210526
  ],
  "rowB": [
   92.39473684210526,
   92.48684210526315
  ]
 }
}
