{
 "audit": "Program 2b confirmatory audit #23: FS96 Table 2 vehicle row, C4.5/boost/bag",
 "data": {
  "openml_data_id": 54,
  "X_md5": "cfcd8d8b777b3dada6fcb4d2f4620951",
  "n": 846,
  "classes": {
   "van": 199,
   "saab": 217,
   "bus": 218,
   "opel": 212
  }
 },
 "env": {
  "sklearn": "1.7.2",
  "numpy": "2.2.6",
  "scipy": "1.15.3"
 },
 "published": {
  "tree": 29.9,
  "boost": 22.6,
  "bag": 26.1
 },
 "per_run_error_rates": {
  "bag_m0": [
   0.25295508274231676,
   0.25886524822695034,
   0.2541371158392435,
   0.2553191489361702,
   0.2565011820330969,
   0.2635933806146572,
   0.2565011820330969,
   0.2565011820330969,
   0.24349881796690306,
   0.2470449172576832
  ],
  "bag_m1": [
   0.2470449172576832,
   0.24113475177304963,
   0.25295508274231676,
   0.24940898345153664,
   0.26122931442080377,
   0.25177304964539005,
   0.2470449172576832,
   0.2553191489361702,
   0.2541371158392435,
   0.24940898345153664
  ],
  "bag_m2": [
   0.2458628841607565,
   0.2706855791962175,
   0.2541371158392435,
   0.2576832151300236,
   0.25886524822695034,
   0.24231678486997635,
   0.2553191489361702,
   0.2624113475177305,
   0.24822695035460993,
   0.2695035460992908
  ],
  "boost_m0": [
   0.2364066193853428,
   0.2375886524822695,
   0.23522458628841608,
   0.24231678486997635,
   0.22340425531914893,
   0.23404255319148937,
   0.23167848699763594,
   0.23167848699763594,
   0.22458628841607564,
   0.23049645390070922
  ],
  "boost_m1": [
   0.2281323877068558,
   0.24468085106382978,
   0.22695035460992907,
   0.25059101654846333,
   0.23522458628841608,
   0.23167848699763594,
   0.23167848699763594,
   0.23404255319148937,
   0.2293144208037825,
   0.22458628841607564
  ],
  "boost_m2": [
   0.23286052009456265,
   0.23995271867612294,
   0.2364066193853428,
   0.24349881796690306,
   0.24231678486997635,
   0.23049645390070922,
   0.24349881796690306,
   0.23404255319148937,
   0.23877068557919623,
   0.2364066193853428
  ],
  "dbag_m0": [
   0.24349881796690306,
   0.26595744680851063,
   0.24113475177304963,
   0.25295508274231676,
   0.25059101654846333,
   0.25177304964539005,
   0.2576832151300236,
   0.2470449172576832,
   0.24113475177304963,
   0.2624113475177305
  ],
  "dboost_m0": [
   0.3049645390070922,
   0.27423167848699764,
   0.30851063829787234,
   0.2860520094562648,
   0.29432624113475175,
   0.28132387706855794,
   0.29432624113475175,
   0.3073286052009456,
   0.2860520094562648,
   0.2919621749408983
  ],
  "dtree_m0": [
   0.2872340425531915,
   0.28132387706855794,
   0.28841607565011823,
   0.27541371158392436,
   0.2777777777777778,
   0.2895981087470449,
   0.3061465721040189,
   0.30260047281323876,
   0.3073286052009456,
   0.2860520094562648
  ],
  "hardbag_m0": [
   0.26004728132387706,
   0.2553191489361702,
   0.24940898345153664,
   0.2553191489361702,
   0.2576832151300236,
   0.25059101654846333,
   0.24822695035460993,
   0.26004728132387706,
   0.23877068557919623,
   0.23877068557919623
  ],
  "kbag_m0": [
   0.25295508274231676,
   0.24349881796690306,
   0.25295508274231676,
   0.25295508274231676,
   0.23167848699763594,
   0.26004728132387706,
   0.24231678486997635,
   0.2624113475177305,
   0.24231678486997635,
   0.25059101654846333
  ],
  "kboost_m0": [
   0.2470449172576832,
   0.23522458628841608,
   0.2293144208037825,
   0.2458628841607565,
   0.22695035460992907,
   0.2470449172576832,
   0.2375886524822695,
   0.2565011820330969,
   0.2375886524822695,
   0.24231678486997635
  ],
  "ktree_m0": [
   0.28368794326241137,
   0.2706855791962175,
   0.2907801418439716,
   0.26832151300236406,
   0.2872340425531915,
   0.2801418439716312,
   0.2718676122931442,
   0.26713947990543735,
   0.25295508274231676,
   0.25886524822695034
  ],
  "m1boost_m0": [
   0.22695035460992907,
   0.2293144208037825,
   0.21394799054373523,
   0.22576832151300236,
   0.2375886524822695,
   0.2127659574468085,
   0.21040189125295508,
   0.21631205673758866,
   0.21749408983451538,
   0.22104018912529552
  ],
  "tree_m0": [
   0.2718676122931442,
   0.2860520094562648,
   0.2789598108747045,
   0.2706855791962175,
   0.26595744680851063,
   0.28132387706855794,
   0.28132387706855794,
   0.2777777777777778,
   0.2576832151300236,
   0.2541371158392435
  ],
  "tree_m1": [
   0.2801418439716312,
   0.28132387706855794,
   0.2730496453900709,
   0.26713947990543735,
   0.29550827423167847,
   0.27541371158392436,
   0.27541371158392436,
   0.2789598108747045,
   0.25059101654846333,
   0.2576832151300236
  ],
  "tree_m2": [
   0.2576832151300236,
   0.2801418439716312,
   0.2801418439716312,
   0.2706855791962175,
   0.2624113475177305,
   0.2789598108747045,
   0.2695035460992908,
   0.25886524822695034,
   0.2730496453900709,
   0.29432624113475175
  ]
 },
 "row_values_pct": {
  "bag_m0": 25.44917257683215,
  "bag_m1": 25.094562647754138,
  "bag_m2": 25.650118203309688,
  "boost_m0": 23.27423167848699,
  "boost_m1": 23.368794326241133,
  "boost_m2": 23.782505910165487,
  "dbag_m0": 25.141843971631204,
  "dboost_m0": 29.290780141843975,
  "dtree_m0": 29.01891252955083,
  "hardbag_m0": 25.141843971631204,
  "kbag_m0": 24.91725768321513,
  "kboost_m0": 24.054373522458626,
  "ktree_m0": 27.316784869976356,
  "m1boost_m0": 22.11583924349882,
  "tree_m0": 27.257683215130026,
  "tree_m1": 27.352245862884168,
  "tree_m2": 27.257683215130026
 },
 "drift_3seed_mean_pp": {
  "tree": 2.610795902285259,
  "boost": 0.8751773049645356,
  "bag": 0.702048857368009
 },
 "verdict": "CONFIRMED (all three rows within +/-4.0 pp at master seed 0; also on seeds 1 and 2)",
 "secondary_prediction": "HELD (tree 3-seed drift 2.61 pp > 1.96 pp)",
 "execution": "planner/executor split: 54 chunked invocations of audits/audit_fs96_vehicle_run.py delegated to a subagent; planner re-aggregated and verified"
}
