{
 "published": {
  "tree": 8.9,
  "boost": 5.8,
  "bag": 6.2
 },
 "per_seed": {
  "tree": {
   "0": {
    "per_run": [
     13.96011396011396,
     12.820512820512821,
     12.250712250712251,
     11.11111111111111,
     13.105413105413106,
     12.535612535612536,
     11.396011396011396,
     11.396011396011396,
     12.820512820512821,
     11.11111111111111
    ],
    "row_error": 12.250712250712251,
    "drift_pp": 3.3507122507122507
   },
   "1": {
    "per_run": [
     12.250712250712251,
     11.965811965811966,
     11.965811965811966,
     11.11111111111111,
     11.68091168091168,
     13.675213675213675,
     11.396011396011396,
     11.11111111111111,
     9.971509971509972,
     10.54131054131054
    ],
    "row_error": 11.566951566951566,
    "drift_pp": 2.6669515669515658
   },
   "2": {
    "per_run": [
     10.54131054131054,
     12.250712250712251,
     12.535612535612536,
     11.11111111111111,
     12.535612535612536,
     12.820512820512821,
     10.256410256410257,
     10.54131054131054,
     11.965811965811966,
     13.96011396011396
    ],
    "row_error": 11.851851851851851,
    "drift_pp": 2.951851851851851
   }
  },
  "boost": {
   "0": {
    "per_run": [
     5.413105413105413,
     7.407407407407407,
     5.413105413105413,
     6.552706552706553,
     6.267806267806268,
     5.128205128205129,
     8.547008547008547,
     5.982905982905983,
     7.6923076923076925,
     5.982905982905983
    ],
    "row_error": 6.4387464387464375,
    "drift_pp": 0.6387464387464377
   },
   "1": {
    "per_run": [
     6.552706552706553,
     6.552706552706553,
     6.552706552706553,
     5.982905982905983,
     6.837606837606837,
     8.547008547008547,
     7.122507122507122,
     6.837606837606837,
     6.267806267806268,
     7.122507122507122
    ],
    "row_error": 6.837606837606837,
    "drift_pp": 1.0376068376068375
   },
   "2": {
    "per_run": [
     7.6923076923076925,
     6.267806267806268,
     7.6923076923076925,
     6.552706552706553,
     6.552706552706553,
     6.552706552706553,
     7.977207977207978,
     5.413105413105413,
     5.982905982905983,
     5.982905982905983
    ],
    "row_error": 6.666666666666667,
    "drift_pp": 0.8666666666666671
   }
  },
  "bag": {
   "0": {
    "per_run": [
     7.122507122507122,
     8.547008547008547,
     7.6923076923076925,
     7.977207977207978,
     7.977207977207978,
     7.122507122507122,
     7.407407407407407,
     8.262108262108262,
     7.407407407407407,
     7.6923076923076925
    ],
    "row_error": 7.720797720797721,
    "drift_pp": 1.520797720797721
   },
   "1": {
    "per_run": [
     6.837606837606837,
     7.977207977207978,
     8.262108262108262,
     6.837606837606837,
     7.6923076923076925,
     6.552706552706553,
     6.552706552706553,
     6.837606837606837,
     8.262108262108262,
     8.262108262108262
    ],
    "row_error": 7.4074074074074066,
    "drift_pp": 1.2074074074074064
   },
   "2": {
    "per_run": [
     7.407407407407407,
     7.407407407407407,
     7.122507122507122,
     7.407407407407407,
     7.6923076923076925,
     7.6923076923076925,
     7.122507122507122,
     7.407407407407407,
     7.977207977207978,
     7.6923076923076925
    ],
    "row_error": 7.492877492877493,
    "drift_pp": 1.2928774928774924
   }
  }
 },
 "drift_3seed": {
  "tree": 2.9898385565052226,
  "boost": 0.8476733143399807,
  "bag": 1.3403608736942065
 },
 "sensitivities": {
  "sens_a_boost_m1_resample": {
   "per_run": [
    6.552706552706553,
    6.837606837606837,
    6.552706552706553,
    5.982905982905983,
    6.837606837606837,
    5.982905982905983,
    5.698005698005698,
    5.413105413105413,
    6.837606837606837,
    5.698005698005698
   ],
   "row_error": 6.2393162393162385
  },
  "sens_a_bag_hard_vote": {
   "per_run": [
    8.262108262108262,
    8.262108262108262,
    8.547008547008547,
    7.407407407407407,
    7.6923076923076925,
    7.122507122507122,
    6.267806267806268,
    7.6923076923076925,
    7.6923076923076925,
    7.977207977207978
   ],
   "row_error": 7.692307692307692
  },
  "sens_b_tree_default": {
   "per_run": [
    12.820512820512821,
    13.675213675213675,
    14.52991452991453,
    10.826210826210826,
    10.54131054131054,
    12.535612535612536,
    12.250712250712251,
    12.535612535612536,
    12.535612535612536,
    10.826210826210826
   ],
   "row_error": 12.307692307692307
  },
  "sens_c_tree_unstrat": {
   "per_run": [
    11.68091168091168,
    11.965811965811966,
    12.535612535612536,
    13.96011396011396,
    10.826210826210826,
    13.105413105413106,
    11.68091168091168,
    13.105413105413106,
    11.965811965811966,
    12.535612535612536
   ],
   "row_error": 12.336182336182336
  },
  "sens_b_boost_default": {
   "per_run": [
    11.11111111111111,
    13.105413105413106,
    12.535612535612536,
    11.11111111111111,
    10.826210826210826,
    10.54131054131054,
    11.965811965811966,
    13.105413105413106,
    11.68091168091168,
    9.971509971509972
   ],
   "row_error": 11.595441595441596
  },
  "sens_b_bag_default": {
   "per_run": [
    8.547008547008547,
    8.831908831908832,
    8.831908831908832,
    8.262108262108262,
    9.686609686609687,
    7.6923076923076925,
    7.977207977207978,
    7.977207977207978,
    8.831908831908832,
    7.407407407407407
   ],
   "row_error": 8.404558404558404
  },
  "sens_c_boost_unstrat": {
   "per_run": [
    5.698005698005698,
    6.267806267806268,
    7.122507122507122,
    8.831908831908832,
    7.407407407407407,
    7.407407407407407,
    7.407407407407407,
    7.407407407407407,
    6.552706552706553,
    6.552706552706553
   ],
   "row_error": 7.065527065527066
  },
  "sens_c_bag_unstrat": {
   "per_run": [
    7.6923076923076925,
    8.262108262108262,
    7.977207977207978,
    8.262108262108262,
    7.407407407407407,
    6.837606837606837,
    7.122507122507122,
    8.831908831908832,
    6.837606837606837,
    7.407407407407407
   ],
   "row_error": 7.663817663817663
  }
 }
}
