{
 "data_md5": "85649e5fb5b15fb9dab726c400be61fe",
 "composition": {
  "train_g": 101,
  "train_b": 99,
  "t150_g": 123,
  "t150_b": 27,
  "t151_g": 124,
  "t151_b": 27
 },
 "published": {
  "perceptron": 90.67,
  "onenn": 92.1
 },
 "seeds": {
  "0": {
   "perc_150": 91.33333333333333,
   "perc_151": 91.3907284768212,
   "perc_train": 84.5,
   "perc_150_nopenalty": 91.33333333333333,
   "perc_n_iter": 12,
   "knn_151": 92.05298013245033,
   "knn_150": 92.0,
   "knn_151_z": 92.05298013245033
  },
  "1": {
   "perc_150": 92.66666666666666,
   "perc_151": 92.71523178807946,
   "perc_train": 85.5,
   "perc_150_nopenalty": 92.66666666666666,
   "perc_n_iter": 12,
   "knn_151": 92.05298013245033,
   "knn_150": 92.0,
   "knn_151_z": 92.05298013245033
  },
  "2": {
   "perc_150": 91.33333333333333,
   "perc_151": 91.3907284768212,
   "perc_train": 85.0,
   "perc_150_nopenalty": 91.33333333333333,
   "perc_n_iter": 14,
   "knn_151": 92.05298013245033,
   "knn_150": 92.0,
   "knn_151_z": 92.05298013245033
  }
 },
 "sensitivity": {},
 "drift_3seed_mean": {
  "perceptron": 1.1077777777777698,
  "onenn": 0.047019867549664696
 },
 "knn_bit_identical_across_seeds": true
}