{
 "published": {
  "accuracy": 84.0,
  "weighted_f1": 84.0
 },
 "sklearn": "1.7.2",
 "numpy": "2.2.6",
 "scipy": "1.15.3",
 "seeds": {
  "0": {
   "master_seed": 0,
   "archive_sha256": "b47c8422c8cded889dc5a13418c4bc2abbda121092b3533a83306f90d900100a",
   "accuracy_pct": 83.54037267080744,
   "weighted_f1_pct": 83.64136814839658,
   "best_C": 14673.040145817058,
   "best_gamma": 0.0014050006441309795,
   "best_cv_score": 0.8147000694407351,
   "candidates": [
    [
     3445.4073528162185,
     0.023531693983779543
    ],
    [
     1859.2170463382977,
     0.00572241073523799
    ],
    [
     12618.989363158757,
     0.0009022733563964383
    ],
    [
     15672.466327927843,
     0.04565327088326938
    ],
    [
     1104.300196859872,
     0.031679620921408164
    ],
    [
     6870.105423764932,
     0.00014371681790008962
    ],
    [
     1018.0910149110106,
     0.027213135714446737
    ],
    [
     67463.44544417351,
     0.06601655937971405
    ],
    [
     14673.040145817058,
     0.0014050006441309795
    ],
    [
     4571.434531745594,
     0.0003329241970821541
    ]
   ],
   "report": "                   precision    recall  f1-score   support\n\n     Ariel Sharon       0.59      0.77      0.67        13\n     Colin Powell       0.73      0.88      0.80        60\n  Donald Rumsfeld       0.78      0.67      0.72        27\n    George W Bush       0.93      0.90      0.92       146\nGerhard Schroeder       0.76      0.76      0.76        25\n      Hugo Chavez       0.83      0.67      0.74        15\n       Tony Blair       0.90      0.75      0.82        36\n\n         accuracy                           0.84       322\n        macro avg       0.79      0.77      0.77       322\n     weighted avg       0.84      0.84      0.84       322\n"
  },
  "1": {
   "master_seed": 1,
   "archive_sha256": "b47c8422c8cded889dc5a13418c4bc2abbda121092b3533a83306f90d900100a",
   "accuracy_pct": 86.64596273291926,
   "weighted_f1_pct": 86.6508831433098,
   "best_C": 3539.307447949523,
   "best_gamma": 0.0017353365001872112,
   "best_cv_score": 0.8157577052507878,
   "candidates": [
    [
     14925.41225595103,
     0.0007271148620370343
    ],
    [
     33201.46680876235,
     0.001362052849398391
    ],
    [
     1197.598389988005,
     0.030854986852929825
    ],
    [
     12193.88569776209,
     0.00023222049052430525
    ],
    [
     1060.818779630347,
     0.004313579246735318
    ],
    [
     1807.002235199787,
     0.020338264357436103
    ],
    [
     2476.022474800995,
     0.000811783702159939
    ],
    [
     3539.307447949523,
     0.0017353365001872112
    ],
    [
     21513.7535776879,
     0.004231842526602692
    ],
    [
     13104.088350279548,
     0.004340707261826238
    ]
   ],
   "report": "                   precision    recall  f1-score   support\n\n     Ariel Sharon       0.75      0.92      0.83        13\n     Colin Powell       0.76      0.90      0.82        60\n  Donald Rumsfeld       0.77      0.74      0.75        27\n    George W Bush       0.95      0.92      0.94       146\nGerhard Schroeder       0.87      0.80      0.83        25\n      Hugo Chavez       0.75      0.60      0.67        15\n       Tony Blair       0.91      0.81      0.85        36\n\n         accuracy                           0.87       322\n        macro avg       0.82      0.81      0.81       322\n     weighted avg       0.87      0.87      0.87       322\n"
  },
  "2": {
   "master_seed": 2,
   "archive_sha256": "b47c8422c8cded889dc5a13418c4bc2abbda121092b3533a83306f90d900100a",
   "accuracy_pct": 84.16149068322981,
   "weighted_f1_pct": 83.91721551441643,
   "best_C": 5957.483867810806,
   "best_gamma": 0.0034130049423939618,
   "best_cv_score": 0.826099033171305,
   "candidates": [
    [
     1037.5665738818639,
     0.000692024364294422
    ],
    [
     18946.75752417,
     0.001264435944967551
    ],
    [
     54306.388153222215,
     0.00010635179766562394
    ],
    [
     5957.483867810806,
     0.0034130049423939618
    ],
    [
     60790.096575968055,
     0.0002918507065114911
    ],
    [
     63410.12978573761,
     0.004368759113439899
    ],
    [
     54679.80780747504,
     0.0049830781019043514
    ],
    [
     13579.713222289978,
     0.0003357621734150919
    ],
    [
     3984.1372772478057,
     0.0811017527043548
    ],
    [
     5998.60253819451,
     0.0007993739069749827
    ]
   ],
   "report": "                   precision    recall  f1-score   support\n\n     Ariel Sharon       0.62      0.62      0.62        13\n     Colin Powell       0.72      0.88      0.79        60\n  Donald Rumsfeld       0.77      0.63      0.69        27\n    George W Bush       0.90      0.95      0.92       146\nGerhard Schroeder       0.95      0.80      0.87        25\n      Hugo Chavez       0.80      0.53      0.64        15\n       Tony Blair       0.93      0.75      0.83        36\n\n         accuracy                           0.84       322\n        macro avg       0.81      0.74      0.77       322\n     weighted avg       0.85      0.84      0.84       322\n"
  }
 },
 "drift_pp_3seed_mean": {
  "accuracy": 1.0890269151138767,
  "weighted_f1": 1.0307664934989305
 }
}
