{
 "data_check": {
  "shape": [
   178,
   13
  ],
  "class_counts": [
   59,
   71,
   48
  ],
  "X_md5": "147ca82876256d95a75226daa8900712"
 },
 "sklearn": "1.7.2",
 "numpy": "2.2.6",
 "published": {
  "LDA": 98.9,
  "QDA": 99.4,
  "1NN": 96.1
 },
 "seeds": {
  "0": {
   "primary_full_scaler": {
    "LDA": 98.87640449438203,
    "QDA": 99.43820224719101,
    "1NN": 95.50561797752809
   },
   "sens_fold_scaler": {
    "LDA": 98.87640449438203,
    "QDA": 99.43820224719101,
    "1NN": 95.50561797752809
   },
   "sens_raw_features": {
    "LDA": 98.87640449438203,
    "QDA": 99.43820224719101,
    "1NN": 76.96629213483146
   },
   "sens_uniform_priors_full": {
    "LDA": 98.87640449438203,
    "QDA": 99.43820224719101
   }
  },
  "1": {
   "primary_full_scaler": {
    "LDA": 98.87640449438203,
    "QDA": 99.43820224719101,
    "1NN": 95.50561797752809
   },
   "sens_fold_scaler": {
    "LDA": 98.87640449438203,
    "QDA": 99.43820224719101,
    "1NN": 95.50561797752809
   },
   "sens_raw_features": {
    "LDA": 98.87640449438203,
    "QDA": 99.43820224719101,
    "1NN": 76.96629213483146
   },
   "sens_uniform_priors_full": {
    "LDA": 98.87640449438203,
    "QDA": 99.43820224719101
   }
  },
  "2": {
   "primary_full_scaler": {
    "LDA": 98.87640449438203,
    "QDA": 99.43820224719101,
    "1NN": 95.50561797752809
   },
   "sens_fold_scaler": {
    "LDA": 98.87640449438203,
    "QDA": 99.43820224719101,
    "1NN": 95.50561797752809
   },
   "sens_raw_features": {
    "LDA": 98.87640449438203,
    "QDA": 99.43820224719101,
    "1NN": 76.96629213483146
   },
   "sens_uniform_priors_full": {
    "LDA": 98.87640449438203,
    "QDA": 99.43820224719101
   }
  }
 },
 "drift_pp_primary_seed0": {
  "LDA": 0.0236,
  "QDA": 0.0382,
  "1NN": 0.5944
 },
 "bit_identical_across_seeds": true
}