{
 "env": {
  "xgboost": "3.2.0",
  "numpy": "2.2.6",
  "n_features": 127,
  "rows": [
   6513,
   1611
  ]
 },
 "published_pp": {
  "test": [
   1.6139,
   0.0
  ],
  "trainname": [
   1.4433,
   0.1228
  ]
 },
 "primary": {
  "seed0": {
   "test": [
    1.6139044072004969,
    0.0
   ],
   "trainname": [
    1.443267311530785,
    0.122831260555811
   ]
  },
  "seed1": {
   "test": [
    1.6139044072004969,
    0.0
   ],
   "trainname": [
    1.443267311530785,
    0.122831260555811
   ]
  },
  "seed2": {
   "test": [
    1.6139044072004969,
    0.0
   ],
   "trainname": [
    1.443267311530785,
    0.122831260555811
   ]
  }
 },
 "mechanism": {
  "tm=default,bs=auto": {
   "test": [
    1.6139044072004969,
    0.0
   ],
   "trainname": [
    1.443267311530785,
    0.122831260555811
   ]
  },
  "tm=default,bs=0.5": {
   "test": [
    1.6139044072004969,
    0.0
   ],
   "trainname": [
    1.443267311530785,
    0.122831260555811
   ]
  },
  "tm=exact,bs=auto": {
   "test": [
    1.6139044072004969,
    0.0
   ],
   "trainname": [
    1.443267311530785,
    0.122831260555811
   ]
  },
  "tm=exact,bs=0.5": {
   "test": [
    1.6139044072004969,
    0.0
   ],
   "trainname": [
    1.443267311530785,
    0.122831260555811
   ]
  }
 },
 "drift": {
  "test_r0": {
   "published_pp": 1.6139,
   "reproduced_pp_per_seed": [
    1.6139044072004969,
    1.6139044072004969,
    1.6139044072004969
   ],
   "drift_pp_3seed_mean": 4.407200496991948e-06
  },
  "test_r1": {
   "published_pp": 0.0,
   "reproduced_pp_per_seed": [
    0.0,
    0.0,
    0.0
   ],
   "drift_pp_3seed_mean": 0.0
  },
  "trainname_r0": {
   "published_pp": 1.4433,
   "reproduced_pp_per_seed": [
    1.443267311530785,
    1.443267311530785,
    1.443267311530785
   ],
   "drift_pp_3seed_mean": 3.2688469215003124e-05
  },
  "trainname_r1": {
   "published_pp": 0.1228,
   "reproduced_pp_per_seed": [
    0.122831260555811,
    0.122831260555811,
    0.122831260555811
   ],
   "drift_pp_3seed_mean": 3.1260555810999624e-05
  }
 }
}
